{
  "train": {
    "f1": 0.9686609686609686,
    "accuracy": 0.972972972972973
  }
}
